"","StartDate","EndDate","Status","IPAddress","Progress","Duration..in.seconds.","Finished","RecordedDate","ResponseId","RecipientLastName","RecipientFirstName","RecipientEmail","ExternalReference","LocationLatitude","LocationLongitude","DistributionChannel","UserLanguage","diseaseSevere_1","diseaseSevere_2","diseaseSevere_3r","diseaseSevere_4","diseaseSevere_5r","diseaseSevere_6","diseaseSevere_7","diseaseSevere_8r","diseaseSevere_9r","diseaseSevere_10","diseaseSevere_11","diseaseSevere_12r","diseaseSevere_13r","diseaseSevere_14r","diseaseSevere_15r","diseaseSevere_16r","diseaseSevere_17","diseaseRarity_1","diseaseRarity_2","diseaseRarity_3r","diseaseRarity_4","diseaseRarity_5r","diseaseRarity_check_3","vaccIntent_1r","vaccIntent_2","vaccIntent_3r","vaccIntent_4","vaccIntent_5r","sex","age","educ","comments","workerId","hitId","assignmentId","study_time","payment"
"1","Start Date","End Date","Response Type","07ceb499159bef0b","Progress","Duration (in seconds)","Finished","Recorded Date","Response ID","Recipient Last Name","Recipient First Name","Recipient Email","External Data Reference",NA,NA,"Distribution Channel","User Language","Please indicate how much you agree or disagree with each of the following statements. - Measles can be life-threatening.","Please indicate how much you agree or disagree with each of the following statements. - Whooping cough often makes you sick for months.","Please indicate how much you agree or disagree with each of the following statements. - Measles, mumps, and whooping cough are no more severe than the flu.","Please indicate how much you agree or disagree with each of the following statements. - Childhood diseases are serious diseases.","Please indicate how much you agree or disagree with each of the following statements. - Childhood diseases cannot cause permanent damage.","Please indicate how much you agree or disagree with each of the following statements. - It’s common for children who get measles to be hospitalized.","Please indicate how much you agree or disagree with each of the following statements. - Diseases like measles, mumps, and whooping cough can cause permanent damage to a child who contracts them.","Please indicate how much you agree or disagree with each of the following statements. - Childhood diseases are not that big a deal.","Please indicate how much you agree or disagree with each of the following statements. - A child getting measles might be a hassle, but it would not be a cause for serious concern.","Please indicate how much you agree or disagree with each of the following statements. - Parents should be very concerned if their child contracts whooping cough.","Please indicate how much you agree or disagree with each of the following statements. - Diseases like measles and whooping cough are extremely dangerous for young children.","Please indicate how much you agree or disagree with each of the following statements. - Children usually recover quickly from whooping cough.","Please indicate how much you agree or disagree with each of the following statements. - Children usually have no trouble recovering from measles.","Please indicate how much you agree or disagree with each of the following statements. - Measles is no more severe than chicken pox.","Please indicate how much you agree or disagree with each of the following statements. - Whooping cough is much like any other cough.","Please indicate how much you agree or disagree with each of the following statements. - Measles, mumps, and whooping cough are mild enough that they don’t really deserve to be called “diseases.”","Please indicate how much you agree or disagree with each of the following statements. - Measles and whooping cough can be just as deadly as Polio.","Please indicate how much you agree or disagree with each of the following statements. - Diseases like measles and whooping cough are so rare that there is no real need to worry about them.","Please indicate how much you agree or disagree with each of the following statements. - Nowadays parents can feel certain their children will not contract measles or mumps.","Please indicate how much you agree or disagree with each of the following statements. - It’s not  paranoid for parents to  worry about their children getting measles.","Please indicate how much you agree or disagree with each of the following statements. - It is almost impossible for a child currently living in the US to catch whooping cough.","Please indicate how much you agree or disagree with each of the following statements. - Measles and whooping cough are more common than people realize.","Please indicate how much you agree or disagree with each of the following statements. - For this item please select somewhat disagree","Please indicate how much you agree or disagree with each of the following statements. - The risk of side effects outweighs any protective benefits of vaccines.","Please indicate how much you agree or disagree with each of the following statements. - If I had a young baby I would have him or her vaccinated.","Please indicate how much you agree or disagree with each of the following statements. - If I had a baby, I would opt to spread out his or her vaccinations, rather than following the traditional schedule.","Please indicate how much you agree or disagree with each of the following statements. - I feel confident that vaccinating children is the right thing to do.","Please indicate how much you agree or disagree with each of the following statements. - I would never vaccinate my child.","Please indicate your gender","Please enter your age","What is the highest level of education or degree that you have attained?","Thank you for your participation in this study. Do you have any comments about the study or about your responses?","b953548792ca98d5","hitId","assignmentId","study_time","payment"
"2","{""ImportId"":""startDate""}","{""ImportId"":""endDate""}","{""ImportId"":""status""}","c91890b20bf88706","{""ImportId"":""progress""}","{""ImportId"":""duration""}","{""ImportId"":""finished""}","{""ImportId"":""recordedDate""}","{""ImportId"":""_recordId""}","{""ImportId"":""recipientLastName""}","{""ImportId"":""recipientFirstName""}","{""ImportId"":""recipientEmail""}","{""ImportId"":""externalDataReference""}",NA,NA,"{""ImportId"":""distributionChannel""}","{""ImportId"":""userLanguage""}","{""ImportId"":""QID5_1""}","{""ImportId"":""QID5_2""}","{""ImportId"":""QID5_3""}","{""ImportId"":""QID5_4""}","{""ImportId"":""QID5_5""}","{""ImportId"":""QID5_6""}","{""ImportId"":""QID5_7""}","{""ImportId"":""QID5_8""}","{""ImportId"":""QID5_9""}","{""ImportId"":""QID5_10""}","{""ImportId"":""QID5_11""}","{""ImportId"":""QID5_12""}","{""ImportId"":""QID5_13""}","{""ImportId"":""QID5_14""}","{""ImportId"":""QID5_15""}","{""ImportId"":""QID5_16""}","{""ImportId"":""QID5_17""}","{""ImportId"":""QID6_1""}","{""ImportId"":""QID6_2""}","{""ImportId"":""QID6_3""}","{""ImportId"":""QID6_4""}","{""ImportId"":""QID6_5""}","{""ImportId"":""QID6_6""}","{""ImportId"":""QID7_63""}","{""ImportId"":""QID7_64""}","{""ImportId"":""QID7_65""}","{""ImportId"":""QID7_66""}","{""ImportId"":""QID7_67""}","{""ImportId"":""QID9""}","{""ImportId"":""QID10_TEXT""}","{""ImportId"":""QID11""}","{""ImportId"":""QID13_TEXT""}","1e4c866bda044438","{""ImportId"":""hitId""}","{""ImportId"":""assignmentId""}","{""ImportId"":""study_time""}","{""ImportId"":""payment""}"
"3","2017-08-08 09:57:35","2017-08-08 09:58:36","1","650b30154cd11d1d","100","61","1","2017-08-08 09:58:37","R_A4XB0sbNkBywjx7","","","","",37.53,-122.25,"preview","EN","2","1","2","2","1","2","2","2","3","2","2","1","2","1","3","2","2","","","","","","","2","2","2","2","2","1","99","2","experimenter","650b30154cd11d1d","","","5",".65"
"4","2017-08-08 10:49:32","2017-08-08 10:50:11","0","494764ef71d0427c","100","38","1","2017-08-08 10:50:11","R_1OJpkY3vnhbS89Y","","","","",53.53,-2.62,"anonymous","EN","3","5","3","3","3","3","3","3","2","2","2","3","2","3","3","3","2","5","4","3","4","3","4","3","4","4","3","3","1","22","4","","ccf6a52a6bf0ceec","3LN3BXKGC0V8O6OIBA1KAACI0BIWGD","3BC8WZX3V3WXRKE4ITQSAZDUKK2RR5","5","0.65"
"5","2017-08-08 10:49:08","2017-08-08 10:50:32","0","3ed8038faf622f50","100","83","1","2017-08-08 10:50:32","R_C2q2n30lMSCTsHf","","","","",41.69,-91.6,"anonymous","EN","6","3","2","5","3","5","6","2","3","4","5","2","2","2","3","4","3","4","3","5","2","4","3","6","1","6","2","6","1","21","4","","04bfb3acbc2687b6","3LN3BXKGC0V8O6OIBA1KAACI0BIWGD","3OUYGIZWR7YOFDEQBO3OL8CSACEP0C","5","0.65"
"6","2017-08-08 10:49:23","2017-08-08 10:50:45","0","3e81baa20a99d9b1","100","82","1","2017-08-08 10:50:45","R_1Kxs9hvSwUZYdvc","","","","",40.3,-74.36,"anonymous","EN","5","4","2","5","3","4","5","2","2","5","4","4","2","4","4","3","5","1","4","1","1","6","3","1","7","1","7","1","1","25","4","","b42cc7add66af9eb","3LN3BXKGC0V8O6OIBA1KAACI0BIWGD","378XPAWRUCDSZ4P4QVAX1HNTXKVAIC","5","0.65"
"7","2017-08-08 10:49:51","2017-08-08 10:50:50","0","f460d4f304be82e1","100","59","1","2017-08-08 10:50:50","R_ysY6cy8M7giXg4h","","","","",31.78,-106.5,"anonymous","EN","4","3","5","6","5","2","4","5","4","5","5","5","3","3","5","2","6","2","3","3","5","3","3","5","1","7","3","3","1","29","5","fun!","b49acc98db0161c4","3LN3BXKGC0V8O6OIBA1KAACI0BIWGD","3B837J3LDOW9SZEHXIQX09IQ6MLRST","5","0.65"
"8","2017-08-08 10:50:15","2017-08-08 10:50:51","0","54ce2d72413dc590","100","35","1","2017-08-08 10:50:51","R_vuakt66phFQ5EVH","","","","",38.7,-90.37,"anonymous","EN","5","3","5","3","2","4","3","3","4","3","4","3","4","3","3","3","3","4","3","3","4","3","3","3","4","3","3","3","1","25","2","","ed864916894f2ee3","3LN3BXKGC0V8O6OIBA1KAACI0BIWGD","3WMINLGALB31M134YLEBQEPYKFBACA","5","0.65"
"9","2017-08-08 10:49:49","2017-08-08 10:50:54","0","1ef4ff5e0ceb26c9","100","65","1","2017-08-08 10:50:55","R_3MSw2xxf8UqcAOd","","","","",36.42,-82.11,"anonymous","EN","5","4","3","2","3","7","3","4","7","2","6","6","5","7","4","5","2","1","2","7","1","7","3","1","7","4","7","1","1","27","4","","a1f0c5e2a964d977","3LN3BXKGC0V8O6OIBA1KAACI0BIWGD","3XM0HYN6NKZN63TKJV236XEW4DOPEY","5","0.65"
"10","2017-08-08 10:49:16","2017-08-08 10:51:00","0","c9be6b90767a1b1c","100","103","1","2017-08-08 10:51:00","R_2YEb9Hfjv47A0ed","","","","",39.65,-84.16,"anonymous","EN","5","4","2","7","1","6","6","1","2","7","6","2","3","1","2","1","3","3","2","2","2","3","3","1","7","4","7","1","1","35","4","","de909488cc9911c3","3LN3BXKGC0V8O6OIBA1KAACI0BIWGD","3ZSY5X72NXBUU7MOQ19OG48P9XIROW","5","0.65"
"11","2017-08-08 10:49:05","2017-08-08 10:51:08","0","978c2c272a0500d3","100","123","1","2017-08-08 10:51:09","R_STR6FoTKjHyqz4t","","","","",42.84,-96.98,"anonymous","EN","7","5","1","7","1","5","7","1","1","7","7","4","4","4","1","1","7","1","1","7","1","7","3","1","7","1","7","1","0","21","3","","1730325c2d198a72","3LN3BXKGC0V8O6OIBA1KAACI0BIWGD","3A7Y0R2P2OO0QSH3JNNBXQDRBKTJX1","5","0.65"
"12","2017-08-08 10:49:09","2017-08-08 10:51:12","0","7288224ef8074b1d","100","123","1","2017-08-08 10:51:13","R_1LHekVr8NOWQu3C","","","","",35.5,-80.68,"anonymous","EN","7","7","1","7","1","7","7","1","1","7","7","1","1","1","1","1","7","1","1","7","1","7","3","1","7","1","7","1","1","27","3","","713f76bff747d7d5","3LN3BXKGC0V8O6OIBA1KAACI0BIWGD","3907X2AHF05VBNH4QB724W577AYP2W","5","0.65"
"13","2017-08-08 10:49:06","2017-08-08 10:51:13","0","aa1221f3eba5d483","100","126","1","2017-08-08 10:51:13","R_eQJKcV4u6DafSE1","","","","",40.55,-74.46,"anonymous","EN","6","6","2","6","2","4","6","1","1","6","6","2","3","2","2","1","5","3","4","3","3","4","3","1","7","2","7","1","1","34","4","no","928a94f6f995d837","3LN3BXKGC0V8O6OIBA1KAACI0BIWGD","3X65QVEQI0NIIKU8VC31ZS59ERACLU","5","0.65"
"14","2017-08-08 10:49:10","2017-08-08 10:51:21","0","fe17a0c4c77c22dc","100","130","1","2017-08-08 10:51:22","R_RDGocXAaoZWmR4R","","","","",52.53,13.38,"anonymous","EN","7","7","1","7","1","7","7","1","1","7","7","1","6","1","1","1","7","3","2","6","3","6","3","1","7","1","7","1","1","28","3","","1b6779c2a5d831bb","3LN3BXKGC0V8O6OIBA1KAACI0BIWGD","3E4GGUZ1T8RU0WKODJ2U8FJ8D0SK2Q","5","0.65"
"15","2017-08-08 10:49:18","2017-08-08 10:51:23","0","d851d2a5f02ba642","100","125","1","2017-08-08 10:51:24","R_24AkuMyXciko9nj","","","","",42.94,-78.81,"anonymous","EN","5","4","2","7","1","4","5","1","2","5","6","3","3","2","2","1","5","1","2","5","2","5","3","1","7","2","7","1","0","23","4","","896bf837edd18b54","3LN3BXKGC0V8O6OIBA1KAACI0BIWGD","3N2BF7Y2VQUT5AN9HGIHAWHERO5MHF","5","0.65"
"16","2017-08-08 10:49:35","2017-08-08 10:51:26","0","7a66089ea09de4e1","100","111","1","2017-08-08 10:51:27","R_Tkplg1uoC3E73MZ","","","","",40.05,-83.02,"anonymous","EN","7","7","1","7","1","7","7","1","1","7","7","1","1","1","1","1","7","1","1","7","1","7","3","1","7","1","7","1","0","25","3","","b67063079558a8a2","3LN3BXKGC0V8O6OIBA1KAACI0BIWGD","3QAVNHZ3EM4UP5XABY7ATXFLEOPALQ","5","0.65"
"17","2017-08-08 10:49:08","2017-08-08 10:51:27","0","f5670d8548768351","100","139","1","2017-08-08 10:51:28","R_3eq5r1SGHo4JPkj","","","","",43.44,-116.32,"anonymous","EN","7","7","1","7","1","7","7","1","1","7","7","1","1","1","1","1","7","1","1","7","1","7","3","1","7","1","7","1","0","23","4","","02e700abf5735d7e","3LN3BXKGC0V8O6OIBA1KAACI0BIWGD","3SKRO2GZ71RNBB2SUF2G3W93LUEK19","5","0.65"
"18","2017-08-08 10:50:08","2017-08-08 10:51:31","0","a4f0dbc8494f7b1b","100","82","1","2017-08-08 10:51:31","R_30qUcE1HgmnMSvA","","","","",45.48,-98.51,"anonymous","EN","4","4","3","5","2","4","4","3","3","6","6","3","4","2","2","2","4","3","6","5","2","4","3","2","7","2","7","1","1","31","6","","abd67d6572d4e5b4","3LN3BXKGC0V8O6OIBA1KAACI0BIWGD","3LRLIPTPEQ9J5ZFSQYV9EX26POKKAX","5","0.65"
"19","2017-08-08 10:49:10","2017-08-08 10:51:33","0","952f494db03d2745","100","143","1","2017-08-08 10:51:34","R_Y3OUaFvpAeI0sXn","","","","",42.28,-87.96,"anonymous","EN","5","6","2","6","1","3","7","1","3","7","7","1","2","2","1","1","5","2","6","3","6","3","3","1","7","1","7","1","1","45","4","none thank you","ac63cd4d070e0c38","3LN3BXKGC0V8O6OIBA1KAACI0BIWGD","3RKNTXVS3MYYRXQP568T7GDAS2UA4X","5","0.65"
"20","2017-08-08 10:49:32","2017-08-08 10:52:02","0","ffb84f010cb80fa1","100","150","1","2017-08-08 10:52:03","R_1Ow4HNX0Ewp24gp","","","","",43.1,-73.62,"anonymous","EN","7","4","2","7","2","6","6","1","2","6","7","2","4","2","1","2","4","2","1","6","2","6","3","1","7","1","7","1","1","32","3","","c51e7a17a79a782c","3LN3BXKGC0V8O6OIBA1KAACI0BIWGD","32EYX73OY09P7C6LMNLXFA0ERJ6RU9","5","0.65"
"21","2017-08-08 10:50:37","2017-08-08 10:52:03","0","59504def7645bca3","100","85","1","2017-08-08 10:52:03","R_1DAOqC5kkpAIqMb","","","","",40.55,-74.46,"anonymous","EN","3","4","5","3","4","5","4","4","5","4","5","3","3","5","5","3","5","4","4","4","4","5","3","5","3","5","5","4","1","26","4","","ca60132e906a407c","3LN3BXKGC0V8O6OIBA1KAACI0BIWGD","3R08VXYT7CVSHXBB892SSHUBBNN7WP","5","0.65"
"22","2017-08-08 10:49:35","2017-08-08 10:52:06","0","964575cd7dc45d38","100","151","1","2017-08-08 10:52:06","R_1MXxrdiiUlEP5RC","","","","",30.57,-96.28,"anonymous","EN","6","7","1","7","7","1","7","1","4","7","7","1","1","1","1","1","7","1","1","1","1","1","3","7","7","7","7","1","1","25","6","","5e72bc3e1b226cdc","3LN3BXKGC0V8O6OIBA1KAACI0BIWGD","39K0FND3AHFEVNFVBA8PTAUAETFMA4","5","0.65"
"23","2017-08-08 10:49:53","2017-08-08 10:52:07","0","081eb0c1fc5f4f8b","100","134","1","2017-08-08 10:52:08","R_3QFrsL0qsCujDIo","","","","",38.69,-75.07,"anonymous","EN","4","4","5","4","4","4","5","3","4","4","4","4","5","4","4","4","4","4","4","4","4","5","3","4","4","4","5","4","1","27","6","very interesting survey","75009903e163a7a3","3LN3BXKGC0V8O6OIBA1KAACI0BIWGD","3TPWUS5F891YTE67ZQA383MPCYECWN","5","0.65"
"24","2017-08-08 10:49:22","2017-08-08 10:52:13","0","ac7bdebe8689bab5","100","170","1","2017-08-08 10:52:13","R_3nixVb1ldJowdao","","","","",32.38,-92.05,"anonymous","EN","6","4","1","7","1","6","6","1","2","7","7","2","2","2","1","2","7","1","1","1","1","4","3","1","7","2","7","1","1","27","4","","bfb1db3b84e1c4d4","3LN3BXKGC0V8O6OIBA1KAACI0BIWGD","3K4J6M3CXETE3DJ907AUG5ADI73AGK","5","0.65"
"25","2017-08-08 10:49:29","2017-08-08 10:52:13","0","f05e1306e8a327e6","100","163","1","2017-08-08 10:52:13","R_1CHiYvjggx44gZf","","","","",32.76,-97.18,"anonymous","EN","6","6","1","7","1","6","6","1","1","7","7","1","1","1","1","1","6","1","1","6","1","6","3","1","7","1","7","1","1","36","2","","6ac976804da3263d","3LN3BXKGC0V8O6OIBA1KAACI0BIWGD","37M28K1J0QDOUF9A8DVXDI2TAZKAJO","5","0.65"
"26","2017-08-08 10:49:55","2017-08-08 10:52:13","0","d2b50c36cf0b818b","100","137","1","2017-08-08 10:52:14","R_Av5WfKbV058BTdn","","","","",33.99,-84.65,"anonymous","EN","6","5","1","6","1","5","6","1","2","7","7","2","3","2","2","1","6","2","3","6","2","6","3","2","6","2","6","2","0","42","5","","463fabf34acbb3ec","3LN3BXKGC0V8O6OIBA1KAACI0BIWGD","3018Q3ZVOIQ5S3SNGI46F9OKKGEARG","5","0.65"
"27","2017-08-08 10:49:27","2017-08-08 10:52:15","0","3767fcb52dcf2065","100","167","1","2017-08-08 10:52:15","R_2QRH0vl3wP6ktFm","","","","",41.9,-85.03,"anonymous","EN","4","4","4","6","2","3","7","1","2","5","7","4","4","3","3","2","4","2","3","4","2","6","3","5","4","4","4","4","0","35","2","","0530c97a2be1fe0f","3LN3BXKGC0V8O6OIBA1KAACI0BIWGD","3XIQGXAUMC876XG1IEYEU08IKPT7XI","5","0.65"
"28","2017-08-08 10:49:20","2017-08-08 10:52:18","0","2f51205c048bb892","100","178","1","2017-08-08 10:52:19","R_YS3H7jiDPm5mVSV","","","","",38.12,-81.7,"anonymous","EN","7","7","1","7","1","7","7","1","1","7","7","1","1","1","1","1","7","1","1","7","1","7","3","1","7","1","7","1","1","26","3","","d0baccd331f7acb2","3LN3BXKGC0V8O6OIBA1KAACI0BIWGD","3A9AA95ATWMNAK0R8U90238JRKPP5X","5","0.65"
"29","2017-08-08 10:49:46","2017-08-08 10:52:20","0","a9ac5021d9d16dd0","100","153","1","2017-08-08 10:52:20","R_1f3FD4Quuj8lXCu","","","","",35.73,-80.91,"anonymous","EN","4","4","2","5","2","4","5","2","2","5","5","4","4","3","3","2","5","3","3","6","3","5","3","1","7","1","7","1","0","54","4","none","559cb688bccdcd69","3LN3BXKGC0V8O6OIBA1KAACI0BIWGD","3YZ8UPK3VTML1AH24QV2QF1SRI3CUO","5","0.65"
"30","2017-08-08 10:49:40","2017-08-08 10:52:21","0","0b390aa2c278a957","100","160","1","2017-08-08 10:52:21","R_2DUCtHn1XFd7UV2","","","","",36.03,-115.21,"anonymous","EN","5","5","2","5","2","2","5","2","2","5","5","2","2","2","2","2","5","3","3","5","3","5","3","6","7","6","6","2","0","50","5","none","2540f6a42a2547b9","3LN3BXKGC0V8O6OIBA1KAACI0BIWGD","3AAJC4I4FGSPVNHIK5BWUBT2JKRJZY","5","0.65"
"31","2017-08-08 10:49:38","2017-08-08 10:52:25","0","85bf2ba8301788d9","100","167","1","2017-08-08 10:52:26","R_3PHxEo8g1cpr93z","","","","",35.99,-79.7,"anonymous","EN","5","5","2","7","1","3","6","1","1","6","7","5","5","3","1","3","3","1","3","5","2","6","3","2","5","3","5","3","0","46","3","","60ce9b7621b45cab","3LN3BXKGC0V8O6OIBA1KAACI0BIWGD","30JNVC0OR9KKQPL199PYR51J1P2HQX","5","0.65"
"32","2017-08-08 10:50:16","2017-08-08 10:52:34","0","cea391f5dbe02000","100","138","1","2017-08-08 10:52:34","R_2VIK931oh50ObjD","","","","",12.15,-86.27,"anonymous","EN","6","4","3","6","3","7","5","3","4","6","7","4","5","7","3","1","6","4","3","1","3","4","3","1","7","7","7","1","1","29","3","no","eef374218057cc5d","3LN3BXKGC0V8O6OIBA1KAACI0BIWGD","31Z0PCVWUKF0PG7HD4XH5XNC7T57TZ","5","0.65"
"33","2017-08-08 10:49:40","2017-08-08 10:52:37","0","722295b5275aaeb5","100","176","1","2017-08-08 10:52:37","R_24wxFcLAdh7JdNl","","","","",40.28,-76.79,"anonymous","EN","5","3","2","4","1","4","5","3","4","5","5","4","4","3","3","3","3","5","3","5","4","4","3","1","1","4","1","7","0","33","6","","181287469c6a6673","3LN3BXKGC0V8O6OIBA1KAACI0BIWGD","3GNCZX450INKGQC83Q0HAEO5JYQPA3","5","0.65"
"34","2017-08-08 10:49:53","2017-08-08 10:52:40","0","e63e0d0abbdfe5f5","100","166","1","2017-08-08 10:52:40","R_81zteTxmDqjS6dj","","","","",42.31,-71.19,"anonymous","EN","5","5","2","5","2","4","5","3","3","6","5","4","3","4","2","2","4","3","3","6","3","6","3","2","6","5","5","3","1","25","6","","744e30f999a85b7a","3LN3BXKGC0V8O6OIBA1KAACI0BIWGD","3TAYZSBPLL8SOFXWISBWZ1AIUU5S2F","5","0.65"
"35","2017-08-08 10:50:26","2017-08-08 10:52:43","0","bccaf312f62b96a6","100","136","1","2017-08-08 10:52:43","R_uh1IW6irp1dJEM9","","","","",3.44,-76.52,"anonymous","EN","4","4","4","6","2","4","6","2","4","4","4","4","4","4","2","4","4","3","4","4","4","4","3","2","6","3","6","2","1","32","3","","6016ff4c774de962","3LN3BXKGC0V8O6OIBA1KAACI0BIWGD","3KV0LJBBH2L6U41CDLUBO0JKEX3RMH","5","0.65"
"36","2017-08-08 10:49:58","2017-08-08 10:52:48","0","71733d5626f69d58","100","169","1","2017-08-08 10:52:48","R_YQTGEcXRZ5Lzh0l","","","","",38.21,-85.21,"anonymous","EN","7","6","2","7","1","6","7","1","2","1","6","2","5","1","1","2","5","4","4","5","2","6","3","1","7","1","7","1","1","38","6","no","ccd0d03a424f66d1","3LN3BXKGC0V8O6OIBA1KAACI0BIWGD","3HPZF4IVNMT2IJ17ERSRT075N6ECYM","5","0.65"
"37","2017-08-08 10:49:17","2017-08-08 10:52:50","0","74a0104791742f79","100","213","1","2017-08-08 10:52:51","R_3HwaTZumT3daXbI","","","","",34.15,-116.42,"anonymous","EN","6","6","6","7","1","5","6","2","3","6","6","3","6","3","2","3","6","3","3","6","3","4","3","1","7","3","6","1","1","47","2","Thank You.","e7451b89b49e5664","3LN3BXKGC0V8O6OIBA1KAACI0BIWGD","3BV8HQ2ZZW1C6KU3OU184EXOOT0A6I","5","0.65"
"38","2017-08-08 10:50:34","2017-08-08 10:52:53","0","978c2c272a0500d3","100","138","1","2017-08-08 10:52:53","R_3dryHdhy8KZRwTn","","","","",42.84,-96.98,"anonymous","EN","5","5","4","5","4","4","4","2","5","4","6","3","4","5","3","5","3","3","5","5","5","5","4","3","5","5","5","3","1","22","3","","efdc7428cb2cbd67","3LN3BXKGC0V8O6OIBA1KAACI0BIWGD","3YT88D1N08YJLEG7HJGZRPO0JESK31","5","0.65"
"39","2017-08-08 10:49:41","2017-08-08 10:52:53","0","69efec168d6a32b1","100","191","1","2017-08-08 10:52:53","R_3fpDs0DXBVQuq53","","","","",48.15,-96.18,"anonymous","EN","4","4","3","6","1","2","5","2","2","6","4","4","3","4","1","1","2","4","3","3","6","4","3","2","5","2","5","1","1","39","4","No.","c848f2f1859978e3","3LN3BXKGC0V8O6OIBA1KAACI0BIWGD","3LQ8PUHQFLS79RXIW1KPI3AXAFLHIU","5","0.65"
"40","2017-08-08 10:49:13","2017-08-08 10:52:55","0","6332e28eec0a8572","100","222","1","2017-08-08 10:52:55","R_C990kEpgRybDz5n","","","","",33.56,-112.1,"anonymous","EN","5","3","4","6","1","4","4","1","3","5","5","5","4","3","3","3","4","3","5","6","5","4","3","4","4","4","4","4","1","25","1","","fd604267bd17b030","3LN3BXKGC0V8O6OIBA1KAACI0BIWGD","3NGI5ARFTT5OM2Z8777OZDV2F4KP1F","5","0.65"
"41","2017-08-08 10:50:14","2017-08-08 10:52:59","0","1f7aa596576b9ff1","100","164","1","2017-08-08 10:52:59","R_3fpZAFOR25bGkLU","","","","",44.26,-88.51,"anonymous","EN","6","5","2","6","1","5","5","2","2","7","6","2","2","1","2","1","6","5","6","3","6","3","3","1","7","2","7","1","1","29","4","","10d148bc379124b5","3LN3BXKGC0V8O6OIBA1KAACI0BIWGD","30BXRYBRP4XPAMHNLIO4JUJ5PQJHW1","5","0.65"
"42","2017-08-08 10:50:13","2017-08-08 10:53:00","0","2f857cc0919687ed","100","166","1","2017-08-08 10:53:01","R_2ZBl32VA8wMOQke","","","","",38.25,-84.55,"anonymous","EN","4","3","3","4","3","3","3","3","3","5","3","3","5","5","3","3","3","3","4","3","3","3","3","2","6","2","6","2","0","33","4","","4dde5a376b905ffc","3LN3BXKGC0V8O6OIBA1KAACI0BIWGD","3A4TN5196KIGWOBI4RO370C2XA1HCS","5","0.65"
"43","2017-08-08 10:50:00","2017-08-08 10:53:06","0","a052b08fee316ec3","100","185","1","2017-08-08 10:53:06","R_ut5gHAoR5huk65z","","","","",41.81,-87.71,"anonymous","EN","4","4","6","6","3","4","2","1","2","4","3","2","4","4","5","6","2","6","2","3","1","5","4","4","6","7","6","2","0","21","4","","5bb540f7ca49b137","3LN3BXKGC0V8O6OIBA1KAACI0BIWGD","3U5NZHP4LR2ZQDKM9WA9R0B9WTGPHE","5","0.65"
"44","2017-08-08 10:49:50","2017-08-08 10:53:07","0","d34d6c16fb1253bd","100","197","1","2017-08-08 10:53:07","R_BK7t2za5a7bEKNH","","","","",44.23,-69.09,"anonymous","EN","7","7","2","7","1","7","7","1","3","7","7","3","3","2","2","2","7","2","2","5","5","4","3","1","7","2","7","1","1","24","4","","88713b53261f903a","3LN3BXKGC0V8O6OIBA1KAACI0BIWGD","32Q90QCQ1SLMVCW463XVAGSXA3IKES","5","0.65"
"45","2017-08-08 10:49:16","2017-08-08 10:53:10","0","8daf5064d0a561e5","100","233","1","2017-08-08 10:53:10","R_3iCH2i2MMQssGto","","","","",35.87,-78.54,"anonymous","EN","6","6","2","7","1","6","7","1","5","7","7","1","2","2","1","2","6","2","7","6","2","6","3","1","7","1","7","1","1","26","4","Interesting","55c775277e3c9658","3LN3BXKGC0V8O6OIBA1KAACI0BIWGD","3L70J4KAZGMBRT9IYH9MAK7G5FNADA","5","0.65"
"46","2017-08-08 10:49:56","2017-08-08 10:53:11","0","cf92cf00855731c5","100","195","1","2017-08-08 10:53:12","R_2B4gJDuJkSKGyeA","","","","",38.89,-77.43,"anonymous","EN","5","4","4","6","2","4","5","3","5","5","4","4","5","4","4","5","4","4","4","5","4","5","3","6","6","3","6","2","1","41","6","None","d9f9da0231b5c3fe","3LN3BXKGC0V8O6OIBA1KAACI0BIWGD","3MHW492WW0DYNBITM5ZLPX8NZ3GMV5","5","0.65"
"47","2017-08-08 10:50:10","2017-08-08 10:53:22","0","c7003eb4ac8ef3db","100","192","1","2017-08-08 10:53:22","R_1Eg8k7DocUiLtzJ","","","","",43.09,-76.22,"anonymous","EN","5","3","6","3","4","2","4","6","5","5","5","6","6","6","3","6","2","6","2","6","5","5","3","6","2","6","2","6","1","50","7","no","95dfb949bc2bcab7","3LN3BXKGC0V8O6OIBA1KAACI0BIWGD","3NG53N1RLVJ6X2JT6SG3ENIATAQP8Z","5","0.65"
"48","2017-08-08 10:49:19","2017-08-08 10:53:27","0","4bada7ff5527a37a","100","247","1","2017-08-08 10:53:27","R_32MgaCFIswXRQsa","","","","",39.78,-75.05,"anonymous","EN","4","4","3","6","3","5","5","1","5","7","5","4","6","2","3","3","5","2","2","6","1","6","3","2","7","5","7","1","0","28","2","no comments","ca85d5587eebc5ea","3LN3BXKGC0V8O6OIBA1KAACI0BIWGD","36PW28KO4ZWGJZNIUCK6G2P15ROAE3","5","0.65"
"49","2017-08-08 10:50:02","2017-08-08 10:53:28","0","60de326e01e27f86","100","205","1","2017-08-08 10:53:28","R_3g5a9k538lpOc7G","","","","",32.8,-116.97,"anonymous","EN","7","6","1","7","2","7","7","1","1","7","7","1","1","1","1","1","7","2","2","6","2","6","3","2","7","2","7","1","1","37","5","","4ccbfeb6e82e496c","3LN3BXKGC0V8O6OIBA1KAACI0BIWGD","3U5NZHP4LR2ZQDKM9WA9R0B9WTGHP6","5","0.65"
"50","2017-08-08 10:49:17","2017-08-08 10:53:29","0","0380a25a559b0064","100","251","1","2017-08-08 10:53:29","R_2CqDD2xdm8GEpl2","","","","",34.42,-118.57,"anonymous","EN","7","5","2","6","1","4","7","2","3","5","5","3","3","2","2","1","6","1","1","7","1","7","3","1","7","1","7","1","1","36","6","no","d8a0609b47744b5f","3LN3BXKGC0V8O6OIBA1KAACI0BIWGD","358UUM7WRZ3N91UP9FSM5IMUJ887RM","5","0.65"
"51","2017-08-08 10:49:57","2017-08-08 10:53:31","0","de82feb9a11581c4","100","214","1","2017-08-08 10:53:31","R_1GwDT0bhu22yFWX","","","","",40.48,-86.96,"anonymous","EN","7","6","1","7","1","7","6","1","1","7","6","2","2","1","2","1","6","2","5","5","5","4","3","1","7","2","7","1","1","27","2","","4a1e0da93c375548","3LN3BXKGC0V8O6OIBA1KAACI0BIWGD","3G5F9DBFOPXCVXHIV8J8XS0RIHHHVR","5","0.65"
"52","2017-08-08 10:49:42","2017-08-08 10:53:32","0","4ffc3a3f50e1040c","100","229","1","2017-08-08 10:53:32","R_2P5vHU448qUyDX8","","","","",44.98,-93.22,"anonymous","EN","4","4","2","6","4","4","4","3","1","6","4","4","1","1","2","2","4","4","4","4","4","4","3","6","5","4","5","2","1","28","3","No","0b9b06c17c08efe9","3LN3BXKGC0V8O6OIBA1KAACI0BIWGD","3PWWM24LHSYA5VIN4U5RIAAHI0Y82V","5","0.65"
"53","2017-08-08 10:51:41","2017-08-08 10:53:36","0","0e4116f769713b31","100","115","1","2017-08-08 10:53:36","R_1FLKZ99vHHfJQWA","","","","",29.74,-95.39,"anonymous","EN","3","5","4","6","4","6","5","5","3","6","2","4","3","2","5","3","2","5","4","3","4","6","3","1","7","1","7","1","0","21","3","No","51d0350b79ab8992","3LN3BXKGC0V8O6OIBA1KAACI0BIWGD","3EICBYG644WCNU68SRROJDSHA25CJS","5","0.65"
"54","2017-08-08 10:49:20","2017-08-08 10:53:45","0","8429d5bfa0204ebe","100","265","1","2017-08-08 10:53:45","R_3ktYjFuSsD5FuPr","","","","",30.53,-92.12,"anonymous","EN","4","4","4","5","4","3","4","4","4","6","4","4","4","4","3","3","4","3","2","6","3","4","3","4","7","1","6","1","0","43","2","no","56a4e4594c62f1a4","3LN3BXKGC0V8O6OIBA1KAACI0BIWGD","34YB12FSQYOF5ESYXA0ZPW5DCOSMGG","5","0.65"
"55","2017-08-08 10:49:25","2017-08-08 10:53:48","0","1798cb2605fb909a","100","262","1","2017-08-08 10:53:48","R_BEtMS0MAJUo0mtP","","","","",39.96,-75.27,"anonymous","EN","5","4","5","3","3","3","3","4","5","4","4","4","4","5","3","5","4","6","5","3","4","2","3","6","1","7","1","5","0","34","4","","5c1c5cc1f2e38305","3LN3BXKGC0V8O6OIBA1KAACI0BIWGD","34S6N1K2ZVJ9ZS5OH4H2AJ2PRJFHL8","5","0.65"
"56","2017-08-08 10:49:22","2017-08-08 10:53:48","0","c03cbf3688390d86","100","266","1","2017-08-08 10:53:49","R_Ox2OL5qga2VnBf3","","","","",39.95,-75.17,"anonymous","EN","3","4","5","2","5","3","3","5","5","3","3","4","5","5","5","5","3","6","6","5","6","1","3","1","7","2","7","1","0","33","4","Great survey. Thanks. ","9b2b009fd2a96fc0","3LN3BXKGC0V8O6OIBA1KAACI0BIWGD","3Z9WI9EOZZOYFMN6W451VJPA2JAHK5","5","0.65"
"57","2017-08-08 10:50:01","2017-08-08 10:53:51","0","1ac9aedddc94fe0a","100","229","1","2017-08-08 10:53:51","R_Oj0Eqw7cqnqNklP","","","","",40.62,-75.54,"anonymous","EN","6","6","2","7","1","7","7","2","2","6","7","1","4","3","2","4","5","2","5","5","2","2","3","1","7","1","7","1","1","20","3","","e1d9d4abb8ac41bb","3LN3BXKGC0V8O6OIBA1KAACI0BIWGD","3A4NIXBJ76ZVR66Z81XF2OAL85EMLM","5","0.65"
"58","2017-08-08 10:49:57","2017-08-08 10:53:55","0","ec7d87c92eb331db","100","238","1","2017-08-08 10:53:55","R_3s68bwhARUwx1fm","","","","",27.92,-82.38,"anonymous","EN","6","6","4","5","2","2","4","2","3","6","5","2","4","3","3","3","5","2","3","6","2","6","3","5","4","5","3","3","0","65","3","no comments","2361c8497c915e61","3LN3BXKGC0V8O6OIBA1KAACI0BIWGD","39ZSFO5CA8W89ON8EICODJENH2CUJK","5","0.65"
"59","2017-08-08 10:49:52","2017-08-08 10:53:59","0","d5432fc22b1da2eb","100","246","1","2017-08-08 10:53:59","R_3g78uW98oSAwFSM","","","","",34.27,-119.16,"anonymous","EN","2","5","2","6","2","2","6","2","5","7","4","3","5","2","2","2","3","1","6","3","6","2","3","7","1","5","7","1","0","60","4","Thanks for the opportunity!","e9318f29a6a6ab6a","3LN3BXKGC0V8O6OIBA1KAACI0BIWGD","3MH9DQ757WCYIMX76CRLG6M7PAVUGG","5","0.65"
"60","2017-08-08 10:51:53","2017-08-08 10:54:04","0","1c1b0d3bbcf2d7a1","100","130","1","2017-08-08 10:54:05","R_10MEZYftuxQQXRm","","","","",33.71,-117.76,"anonymous","EN","5","5","2","5","2","5","6","2","2","5","6","4","2","3","2","2","4","1","1","5","1","5","3","1","7","2","7","1","1","24","4","","85b4d116d9eca224","3LN3BXKGC0V8O6OIBA1KAACI0BIWGD","3SPJ0334213PQX7DOJ9DG4K0DQNJY7","5","0.65"
"61","2017-08-08 10:50:31","2017-08-08 10:54:08","0","fb3a9f4fdea95b98","100","216","1","2017-08-08 10:54:08","R_2s4qCZygn9yj8ZV","","","","",28.48,-82.51,"anonymous","EN","5","3","2","5","3","5","5","3","3","5","6","5","3","5","2","5","3","2","2","6","3","4","3","5","3","7","4","3","1","30","2","thank you","5597d78ba7f67848","3LN3BXKGC0V8O6OIBA1KAACI0BIWGD","3C44YUNSI1PIEXFKN0RJ0FWB41NPD5","5","0.65"
"62","2017-08-08 10:49:54","2017-08-08 10:54:14","0","680164dd048e3c5e","100","259","1","2017-08-08 10:54:15","R_1C8CRUV9qGnvVCF","","","","",28.09,-82.58,"anonymous","EN","7","5","1","7","1","7","7","1","1","6","7","3","1","3","2","1","6","1","3","7","3","6","3","1","7","1","7","1","0","28","3","great study! vaccinate your children! ","42dba163a109891c","3LN3BXKGC0V8O6OIBA1KAACI0BIWGD","3LWJHTCVCCM0CTUVEJ1YOKP6LAPFQX","5","0.65"
"63","2017-08-08 10:50:15","2017-08-08 10:54:16","0","f16e4902560c9aab","100","241","1","2017-08-08 10:54:16","R_qBX6sR7FCQli0cF","","","","",43.71,-84.24,"anonymous","EN","7","6","1","7","1","6","7","1","1","7","7","1","1","1","1","1","7","1","3","7","1","6","3","4","3","3","3","4","0","24","1","","adec065f15e4a878","3LN3BXKGC0V8O6OIBA1KAACI0BIWGD","3AAPLD8UCCHXI5DTQDJTWAC6LW1HTB","5","0.65"
"64","2017-08-08 10:50:19","2017-08-08 10:54:17","0","22cab71bba825fa4","100","237","1","2017-08-08 10:54:17","R_1PbLDx5kHC5om1W","","","","",31.2,-97.99,"anonymous","EN","6","5","2","6","2","2","6","2","3","6","5","3","6","5","3","2","3","2","3","5","6","5","3","1","7","4","7","1","1","35","4","","a66be1b018720b3c","3LN3BXKGC0V8O6OIBA1KAACI0BIWGD","3DY4FPOOA1OPKRVLRDV2BW2X5QFRVY","5","0.65"
"65","2017-08-08 10:51:28","2017-08-08 10:54:32","0","1b97094155c81841","100","184","1","2017-08-08 10:54:33","R_2Vmu0A70TSgxcNV","","","","",40.71,-111.89,"anonymous","EN","7","4","1","5","1","4","7","3","1","6","7","1","4","1","1","1","7","1","1","1","1","5","3","6","7","5","7","1","0","34","4","no","75092e335931cf1c","3LN3BXKGC0V8O6OIBA1KAACI0BIWGD","3HQUKB7LNFE7DWMYQJ24IR9IA26HH1","5","0.65"
"66","2017-08-08 10:49:48","2017-08-08 10:54:42","0","5fa7e390aa1a8132","100","294","1","2017-08-08 10:54:43","R_2zpwotMm5bZZp6r","","","","",41.89,-84.07,"anonymous","EN","6","3","2","5","1","5","5","3","2","5","6","5","3","1","1","2","4","3","4","5","2","5","3","2","6","3","5","3","1","26","3","None, thank you!","4e87cec8f8324337","3LN3BXKGC0V8O6OIBA1KAACI0BIWGD","3ZWFC4W1UU70OU9VRYQYTAZBHWRFRY","5","0.65"
"67","2017-08-08 10:49:16","2017-08-08 10:54:51","0","d02a123a0702698e","100","335","1","2017-08-08 10:54:51","R_28UrJBkYzAf5nkb","","","","",34.76,-77.5,"anonymous","EN","7","7","1","7","1","7","7","1","1","7","7","4","4","1","1","1","6","2","5","7","4","6","3","1","7","1","7","1","0","35","1","no","5f00d5dc5993bcc1","3LN3BXKGC0V8O6OIBA1KAACI0BIWGD","3QL2OFSM96I86KXT7PJGCK9YJMACNW","5","0.65"
"68","2017-08-08 10:52:27","2017-08-08 10:54:58","0","14df51e35fd55687","100","151","1","2017-08-08 10:54:59","R_2aWVjezoeyj4xsD","","","","",34.68,-82.81,"anonymous","EN","7","7","1","7","1","6","7","1","1","7","7","1","1","1","1","1","7","1","5","7","4","4","3","1","7","1","7","1","1","27","3","","beb7cbd6c4530d21","3LN3BXKGC0V8O6OIBA1KAACI0BIWGD","3L4D84MILZS342HOEJ5PU4PXNUAHJ6","5","0.65"
"69","2017-08-08 10:49:41","2017-08-08 10:55:21","0","7717f98d3b87f1a5","100","340","1","2017-08-08 10:55:22","R_20VxW7tALJS92J0","","","","",31.11,-97.41,"anonymous","EN","7","5","7","5","2","5","6","2","6","5","5","3","3","6","1","2","6","3","2","5","6","2","3","4","6","5","5","4","1","30","4","This was a very interesting  study about vaccines and thoughts about them. Thank you very much for letting me participate. ","a30ff8ec91f47b15","3LN3BXKGC0V8O6OIBA1KAACI0BIWGD","39K0FND3AHFEVNFVBA8PTAUAETFAMS","5","0.65"
"70","2017-08-08 10:51:46","2017-08-08 10:55:31","0","141424f61116c643","100","224","1","2017-08-08 10:55:31","R_W34EedEN2f1mqml","","","","",1.29,103.86,"anonymous","EN","6","6","2","6","6","5","6","2","2","5","6","2","2","2","2","2","2","2","2","2","2","6","3","6","6","3","6","2","1","24","4","","8d96f9f63cfd9dac","3LN3BXKGC0V8O6OIBA1KAACI0BIWGD","3QY7M81QH7M1MXHUJVJP460GOGEK76","5","0.65"
"71","2017-08-08 10:52:52","2017-08-08 10:55:32","0","8f20abe4be4787ae","100","159","1","2017-08-08 10:55:33","R_2WZmkxVCOOO15Kq","","","","",42.77,-78.89,"anonymous","EN","6","4","2","4","1","4","6","3","4","6","6","3","5","3","2","2","5","1","1","5","1","5","3","1","7","1","7","1","1","32","4","No issues","9c5c27acff5370d8","3LN3BXKGC0V8O6OIBA1KAACI0BIWGD","3018Q3ZVOIQ5S3SNGI46F9OKKGEARG","5","0.65"
"72","2017-08-08 10:52:27","2017-08-08 10:55:36","0","4040840e724a7c96","100","188","1","2017-08-08 10:55:37","R_32XURjS3aS3HujS","","","","",30.1,-81.72,"anonymous","EN","7","5","1","7","2","6","7","1","1","7","7","2","1","1","1","1","6","5","6","6","2","3","3","1","7","1","7","1","0","40","3","","fee8f60737ffce55","3LN3BXKGC0V8O6OIBA1KAACI0BIWGD","3VD82FOHKQOQO5X584JTR9939WFCOB","5","0.65"
"73","2017-08-08 10:49:36","2017-08-08 10:55:48","0","80cedb59b59b03ff","100","372","1","2017-08-08 10:55:49","R_1GHNpcVQgJvOEdI","","","","",26.1,-97.41,"anonymous","EN","6","5","2","6","1","6","6","1","1","6","7","1","4","2","2","2","6","2","6","3","2","6","3","6","4","7","6","5","1","48","2","While I agree with vaccinations in general, I believe that they should be spread out over time or not given at all in some cases. It was a great study and I enjoyed doing it, every was clear and concise and there were no errors or glitches. ","3f38c0345769dd53","3LN3BXKGC0V8O6OIBA1KAACI0BIWGD","373ERPL3YO8A7ZRWMIVNAEEC85ZRTI","5","0.65"
"74","2017-08-08 10:52:59","2017-08-08 10:55:51","0","cacbb335e2c57449","100","171","1","2017-08-08 10:55:51","R_1rGMGYMgEmo8gEp","","","","",31.73,-94.48,"anonymous","EN","6","4","2","6","1","5","7","1","1","7","5","4","5","3","1","1","2","3","3","3","3","4","3","1","7","3","7","1","1","28","3","","efa94dc5bd159064","3LN3BXKGC0V8O6OIBA1KAACI0BIWGD","3X73LLYYQ1EZNS89THXHNB6EWEFHNA","5","0.65"
"75","2017-08-08 10:49:54","2017-08-08 10:55:52","0","510103ba84f093a6","100","357","1","2017-08-08 10:55:53","R_2AST0pQmzywYfxz","","","","",34.06,-118.28,"anonymous","EN","4","5","5","6","5","5","6","4","5","6","5","5","6","6","6","6","5","6","5","5","5","5","3","6","6","6","6","6","1","27","6","nothing","567172242aa40c54","3LN3BXKGC0V8O6OIBA1KAACI0BIWGD","3KMS4QQVK2QE1QW01EH1SYDXM4XFK5","5","0.65"
"76","2017-08-08 10:49:32","2017-08-08 10:55:53","0","62cade0bb7c5ec4e","100","381","1","2017-08-08 10:55:53","R_w5UPXruWXuHMITv","","","","",40.24,-85.47,"anonymous","EN","7","2","2","7","7","3","7","1","3","7","7","5","5","3","2","1","7","1","1","7","1","7","3","1","7","1","7","1","1","62","3","None","538f7e73b9899a86","3LN3BXKGC0V8O6OIBA1KAACI0BIWGD","38F71OA9GTW9REW3MQUH7B51B9SFMA","5","0.65"
"77","2017-08-08 10:49:25","2017-08-08 10:56:33","0","9690f2bbcc6b6dcb","100","427","1","2017-08-08 10:56:33","R_1eY94uLraygH0pj","","","","",30.37,-97.64,"anonymous","EN","5","4","3","3","4","3","5","5","1","3","5","2","5","3","3","4","5","3","3","4","4","4","3","2","2","5","5","4","1","33","4","","f94ef5a59f1822ea","3LN3BXKGC0V8O6OIBA1KAACI0BIWGD","3IHR8NYAM715E1WRUPQQXB25ROUP4S","5","0.65"
"78","2017-08-08 10:50:36","2017-08-08 10:56:33","0","cd6611920f266552","100","357","1","2017-08-08 10:56:34","R_TjwhkzvIZHxW8W5","","","","",42.11,-87.98,"anonymous","EN","4","6","2","6","2","6","6","1","3","5","6","3","2","2","2","2","3","2","2","6","2","5","3","2","6","5","6","1","1","32","4","","49f16b4fb96680b9","3LN3BXKGC0V8O6OIBA1KAACI0BIWGD","32RIADZISS42RTCJM6UKSG7GE81S4B","5","0.65"
"79","2017-08-08 10:52:16","2017-08-08 10:56:47","0","eb0e0fd091dec00c","100","271","1","2017-08-08 10:56:48","R_30wvVAANbBbQ8FK","","","","",33.87,-117.93,"anonymous","EN","5","5","4","7","1","4","5","1","1","7","6","1","1","4","1","4","4","1","4","7","1","4","3","1","7","1","7","1","0","25","3","","df767776a0c53d61","3LN3BXKGC0V8O6OIBA1KAACI0BIWGD","3GGAI1SQEVY2O2CTVO4GZ5KYEW0CMW","5","0.65"
"80","2017-08-08 10:55:37","2017-08-08 10:57:00","0","c08b3158df68f862","100","83","1","2017-08-08 10:57:01","R_3JtmnSeP0xd9rUF","","","","",32.64,-117.05,"anonymous","EN","7","7","1","7","1","7","7","1","1","7","7","1","1","1","1","1","7","1","1","7","1","7","3","1","7","1","7","1","1","27","4","No","1a4550feaf30d73a","3LN3BXKGC0V8O6OIBA1KAACI0BIWGD","3NL0RFNU0FN43AZBHXLI1UG6XEOK4M","5","0.65"
"81","2017-08-08 10:53:51","2017-08-08 10:57:03","0","e8487ae234d07f3c","100","191","1","2017-08-08 10:57:03","R_31oPVJXxQjlmWYv","","","","",37.75,-97.82,"anonymous","EN","7","7","1","7","1","7","7","1","1","7","7","1","1","1","1","1","7","1","1","7","1","7","3","1","7","1","7","1","1","29","3","","b0f29d6008151033","3LN3BXKGC0V8O6OIBA1KAACI0BIWGD","3WAKVUDHUWGFPTM6D9NRAT9EQ7C7UQ","5","0.65"
"82","2017-08-08 10:55:51","2017-08-08 10:57:14","0","f70dce2a6ac02f9d","100","82","1","2017-08-08 10:57:15","R_1IlPq3I5ZXWZIjv","","","","",33.78,-118.14,"anonymous","EN","3","3","3","3","2","3","3","3","5","3","3","3","3","3","3","3","3","5","5","6","5","2","3","3","3","5","3","3","0","44","4","","a3d857ab6796af0f","3LN3BXKGC0V8O6OIBA1KAACI0BIWGD","3ZAZR5XV01I2N9BCADUA77G7T0ICZD","5","0.65"
"83","2017-08-08 10:52:44","2017-08-08 10:57:16","0","d9c9c39bffa8614d","100","272","1","2017-08-08 10:57:17","R_6JSdjbN0whnMiWJ","","","","",37.23,-121.95,"anonymous","EN","7","6","1","7","1","6","7","1","1","7","7","1","1","1","1","1","6","1","1","6","1","5","3","1","7","3","7","1","0","39","4","","fdb464db4df05320","3LN3BXKGC0V8O6OIBA1KAACI0BIWGD","323Q6SJS8IGNZ0VSVTE4F6X5UNTFH1","5","0.65"
"84","2017-08-08 10:51:12","2017-08-08 10:57:18","0","7c39e3fa9b9c55b2","100","365","1","2017-08-08 10:57:19","R_2q3P0FvbOaziemp","","","","",43.07,-89.42,"anonymous","EN","4","4","3","5","2","2","5","2","2","5","5","4","5","4","2","2","4","3","2","5","4","5","3","3","4","4","3","4","1","58","3","I was surprised to realize how little I actually know about this subject.","b2c266c66d3a5b97","3LN3BXKGC0V8O6OIBA1KAACI0BIWGD","35L9RVQFCOICIISIQI9316Y84A8UHF","5","0.65"
"85","2017-08-08 10:53:05","2017-08-08 10:57:29","0","e2a1c87283acd7ee","100","263","1","2017-08-08 10:57:30","R_0Mp6b793AxCQFHz","","","","",25.95,-97.33,"anonymous","EN","7","4","1","7","1","3","7","1","2","7","6","4","5","2","1","1","6","1","1","7","1","7","3","1","7","2","7","1","0","67","4","Thank you","61439aa2277e5294","3LN3BXKGC0V8O6OIBA1KAACI0BIWGD","3YMU66OBIN8TD0RN6DKMXRXHV2THG2","5","0.65"
"86","2017-08-08 10:49:38","2017-08-08 10:57:43","0","593d6a86a86132c5","100","485","1","2017-08-08 10:57:44","R_2QQEfA14gnHgPFZ","","","","",45.47,-122.5,"anonymous","EN","4","4","4","6","2","4","5","2","3","5","5","4","3","4","4","3","4","4","4","6","4","4","3","1","7","1","7","1","1","50","2","","91b9bfba0f4b2f85","3LN3BXKGC0V8O6OIBA1KAACI0BIWGD","3N2BF7Y2VQUT5AN9HGIHAWHERO5HMA","5","0.65"
"87","2017-08-08 10:55:18","2017-08-08 10:57:56","0","3059c097feb26840","100","157","1","2017-08-08 10:57:56","R_roKTsVTgLsMwSdj","","","","",33.39,-111.64,"anonymous","EN","5","6","2","6","1","6","5","2","5","6","5","3","5","3","3","2","5","3","3","6","3","6","3","1","7","6","6","1","1","28","2","","a1d148ffc9187799","3LN3BXKGC0V8O6OIBA1KAACI0BIWGD","3RYC5T2D73TCF7YP51M354DFJ2ERPD","5","0.65"
"88","2017-08-08 10:57:32","2017-08-08 10:59:05","0","5f9a9f8ad372e82a","100","92","1","2017-08-08 10:59:05","R_3iC2mPpb8hSsQ8a","","","","",28.93,-82.47,"anonymous","EN","4","4","4","4","4","4","4","3","4","4","4","4","4","4","4","4","4","4","4","4","3","4","3","7","7","1","7","1","0","31","2","","8f980b7819889440","3LN3BXKGC0V8O6OIBA1KAACI0BIWGD","3YJ6NA41JBGVHJFCXWDU3DRO9LKPJJ","5","0.65"
"89","2017-08-08 10:57:21","2017-08-08 10:59:10","0","939fe554d748218c","100","108","1","2017-08-08 10:59:10","R_3eslBuCbJua9nLw","","","","",40.31,-76.7,"anonymous","EN","5","5","2","7","1","5","5","1","3","7","6","2","3","1","1","2","6","3","5","6","4","5","3","1","7","3","7","1","1","45","2","","edab75f4dd5312e8","3LN3BXKGC0V8O6OIBA1KAACI0BIWGD","3TOK3KHVJTIKCO29HNBIBNHP8LO7OD","5","0.65"
"90","2017-08-08 10:56:20","2017-08-08 10:59:16","0","7717f98d3b87f1a5","100","176","1","2017-08-08 10:59:17","R_1rrfQpihOSZZ1R3","","","","",31.11,-97.41,"anonymous","EN","7","6","2","7","1","7","7","1","2","5","7","2","2","1","1","1","6","1","1","7","2","6","3","4","7","6","7","2","1","30","2","Unique kind of study about diseases and ways to address them. Thanks,","b58d91bd98f0d0be","3LN3BXKGC0V8O6OIBA1KAACI0BIWGD","3FIJLY1B6U4FCHTGE6M9OFZWGE3PFG","5","0.65"
"91","2017-08-08 10:56:27","2017-08-08 10:59:36","0","be0869d0b4c676fc","100","188","1","2017-08-08 10:59:36","R_1ILEUr7gTfrOgna","","","","",33.44,-111.85,"anonymous","EN","7","7","1","7","1","5","7","1","1","7","7","2","2","2","1","1","5","1","3","6","1","2","3","6","2","2","2","6","0","27","5","","20e1999f8d3f0611","3LN3BXKGC0V8O6OIBA1KAACI0BIWGD","3XCC1ODXDLBXFJZ45E1S593POY0RQ4","5","0.65"
"92","2017-08-08 10:49:08","2017-08-08 11:00:03","0","3fd6ce34d12e456e","100","655","1","2017-08-08 11:00:04","R_1rIeqaRg5GSxP7L","","","","",35.77,-81.34,"anonymous","EN","7","7","7","7","2","7","7","7","7","7","7","2","7","7","7","2","7","1","5","7","1","3","3","1","7","7","7","1","0","37","2","","5c06102424e42169","3LN3BXKGC0V8O6OIBA1KAACI0BIWGD","3GGAI1SQEVY2O2CTVO4GZ5KYEW0MC6","5","0.65"
"93","2017-08-08 10:58:56","2017-08-08 11:00:05","0","933196ee3ca3f9db","100","68","1","2017-08-08 11:00:05","R_paCDgy6nHLv2JGN","","","","",40.48,-86.96,"anonymous","EN","3","4","5","4","3","5","3","4","3","3","4","5","3","5","4","3","3","4","4","5","5","3","2","5","4","3","4","1","1","23","4","ignore those stupid people who don't use vaccin, their child gonna die","45a111347d31bffb","3LN3BXKGC0V8O6OIBA1KAACI0BIWGD","36H9ULYP62UJQ6QIJTHPRJDK7FXFJ6","5","0.65"
"94","2017-08-08 10:50:56","2017-08-08 11:00:26","0","09388bab2fdac6fe","100","570","1","2017-08-08 11:00:26","R_xmidH4ZW5nOjPUd","","","","",40.5,-80.18,"anonymous","EN","7","6","3","7","1","7","7","1","1","5","7","2","2","2","1","1","7","3","3","5","3","5","3","4","4","6","4","5","0","20","3","I am not vaccinated, my boyfriend and daughter are. I agreed to vaccinate her because of him. I do not think that most vaccines are necessary.","d89094c289d262d3","3LN3BXKGC0V8O6OIBA1KAACI0BIWGD","37Q970SNZE8LZUF0ZOBIUI0D2ORS1Y","5","0.65"
"95","2017-08-08 11:01:37","2017-08-08 11:03:39","0","2d419470dc58e848","100","121","1","2017-08-08 11:03:40","R_1FCwO5acDimM3Q9","","","","",33.35,-111.79,"anonymous","EN","6","6","5","5","1","6","5","2","3","6","5","2","3","2","2","2","5","4","5","6","3","4","3","1","7","2","7","1","0","34","3","none","1b02f24de64d9375","3LN3BXKGC0V8O6OIBA1KAACI0BIWGD","3LUY3GC63Z02XOEAWNOX0NMFIQK7PU","5","0.65"
"96","2017-08-08 10:52:14","2017-08-08 11:04:02","0","00a85d7afc90211a","100","707","1","2017-08-08 11:04:02","R_2v2gedARsFRQWaS","","","","",37.55,-121.99,"anonymous","EN","4","5","4","4","3","4","4","4","4","4","4","5","4","4","4","5","4","4","4","4","4","4","3","4","4","4","4","4","0","28","4","","2b7fe253730c31f9","3LN3BXKGC0V8O6OIBA1KAACI0BIWGD","3LUY3GC63Z02XOEAWNOX0NMFIQKP7C","5","0.65"
"97","2017-08-08 11:03:52","2017-08-08 11:05:09","0","a0101aaa6a0f54c9","100","77","1","2017-08-08 11:05:10","R_3PweZzKhDQ6omM0","","","","",13.08,80.28,"anonymous","EN","6","6","7","6","6","6","5","5","5","6","6","6","5","6","7","6","7","7","7","5","6","6","6","6","6","5","6","7","1","24","4","ITS GOOD AND NICE I LIKE IT","a886d34da9666e46","3LN3BXKGC0V8O6OIBA1KAACI0BIWGD","338JKRMM26ZS39EKKDSC15MEX7GAHJ","5","0.65"
"98","2017-08-08 11:03:57","2017-08-08 11:05:25","0","b8aa9c13477b6110","100","87","1","2017-08-08 11:05:25","R_1Nq69ZKGGBl355L","","","","",38.83,-76.91,"anonymous","EN","5","3","2","3","5","5","2","4","5","3","4","3","3","2","4","4","5","5","4","5","5","4","3","6","3","3","5","5","0","29","3","No","ff466791a5f54cad","3LN3BXKGC0V8O6OIBA1KAACI0BIWGD","30X31N5D63QHTIS0V74B5JTG6IXAS4","5","0.65"
"99","2017-08-08 11:00:01","2017-08-08 11:05:27","0","a7eaa7f2b3606e03","100","326","1","2017-08-08 11:05:28","R_3HYYn2X326UfIqk","","","","",33.12,-117.17,"anonymous","EN","6","6","1","6","1","5","6","1","2","6","6","2","2","2","1","1","6","3","3","6","2","5","3","1","7","2","7","1","1","40","4","I believe that vaccinations are safe and effective, so my answers took that into consideration.","3419fa850d4f78a1","3LN3BXKGC0V8O6OIBA1KAACI0BIWGD","39RP059MEHTJEXKNHO8LOLEGWB0MBZ","5","0.65"
"100","2017-08-08 11:03:22","2017-08-08 11:05:32","0","c76b2069b7a90905","100","129","1","2017-08-08 11:05:32","R_11ciS4juS6LjdzK","","","","",32.54,-84.92,"anonymous","EN","6","6","2","6","7","6","6","2","2","6","6","2","2","2","2","2","6","2","3","6","3","5","3","2","6","2","6","2","0","29","4","Thanks for the opportunity to participate.  I have an infant, and we are definitely pro-vaccines!","bdf209a579860168","3LN3BXKGC0V8O6OIBA1KAACI0BIWGD","3OLF68YTN918PDNEPN4CYKA1HS3AFL","5","0.65"
"101","2017-08-08 11:01:17","2017-08-08 11:05:34","0","d09393ee9af5fca8","100","256","1","2017-08-08 11:05:34","R_2qmJc69aMbQehPw","","","","",41.19,-87.86,"anonymous","EN","7","6","7","7","1","6","7","1","2","6","6","2","2","7","1","2","6","1","2","7","1","7","3","1","7","2","7","1","0","38","3","","8a454cef0a553c1b","3LN3BXKGC0V8O6OIBA1KAACI0BIWGD","32SCWG5HIH4JTO05DDJ5U9MJNF0P6D","5","0.65"
"102","2017-08-08 11:02:49","2017-08-08 11:05:44","0","86263cb7efdc43ac","100","175","1","2017-08-08 11:05:45","R_2AEysIF9dpUVgIV","","","","",26.98,-82.09,"anonymous","EN","6","7","1","7","1","5","7","1","1","6","7","2","2","6","2","1","3","1","1","6","1","5","3","2","7","1","6","1","1","24","3","","c9591eee42dc56dc","3LN3BXKGC0V8O6OIBA1KAACI0BIWGD","3LYA37P8IQNOO9KKWCV598MC765KBS","5","0.65"
"103","2017-08-08 10:56:07","2017-08-08 11:05:47","0","ca5fdb515bef8722","100","579","1","2017-08-08 11:05:47","R_1EaGeLbDZEDrpQR","","","","",24.91,67.08,"anonymous","EN","5","4","3","6","2","5","6","2","3","5","5","4","3","2","4","2","5","2","2","2","3","4","3","4","6","3","4","3","0","27","5","no","c38b57f72dfa5d90","3LN3BXKGC0V8O6OIBA1KAACI0BIWGD","3ERET4BTVM950G5NYSH9I2RMJ62K9I","5","0.65"
"104","2017-08-08 11:06:34","2017-08-08 11:09:06","0","3a7e4e58d1f273f2","100","151","1","2017-08-08 11:09:06","R_3CPk1Y9Pf5GGfHc","","","","",45.54,-122.6,"anonymous","EN","7","4","1","7","1","7","7","1","1","7","7","3","1","1","1","1","7","1","6","6","1","7","3","1","7","2","7","1","0","28","3","Check out the online shop Wire and Honey, they have amazing Vaccines Save, Bro shirts. They're an awesome resource. Thank you and good luck with your research.","039ac9593105fdf9","3LN3BXKGC0V8O6OIBA1KAACI0BIWGD","3Z9WI9EOZZOYFMN6W451VJPA2JAKH8","5","0.65"
"105","2017-08-08 11:09:50","2017-08-08 11:12:13","0","38cdcff00a792899","100","142","1","2017-08-08 11:12:13","R_1DqfeBFDIIKBY9D","","","","",41.58,-74.52,"anonymous","EN","7","7","1","7","1","7","7","1","1","7","7","4","1","2","1","1","7","3","6","7","3","6","3","1","7","1","7","1","1","40","2","","87a1171543dd514c","3LN3BXKGC0V8O6OIBA1KAACI0BIWGD","3UXUOQ9OKEXVAK887460ASXKJ4KA7H","5","0.65"
"106","2017-08-08 11:08:40","2017-08-08 11:14:19","0","d9acb87400139866","100","338","1","2017-08-08 11:14:19","R_rp8iIOHP4s8nCc9","","","","",39.94,-75.18,"anonymous","EN","4","4","4","6","1","4","4","1","3","6","4","4","4","4","1","1","4","4","3","7","4","4","3","2","5","4","7","1","0","29","4","","19efc65a36b4f256","3LN3BXKGC0V8O6OIBA1KAACI0BIWGD","3R8YZBNQ9HINX0FPW03M0SCPNM67QL","5","0.65"
"107","2017-08-08 11:05:50","2017-08-08 11:14:33","0","7ed34243541f7913","100","522","1","2017-08-08 11:14:33","R_11jDUbIPtXrhaJc","","","","",42.12,-72.61,"anonymous","EN","5","6","6","5","4","4","5","4","4","5","5","6","4","5","5","4","6","5","4","4","6","6","2","5","6","4","6","4","1","33","6","","400e76d132f85054","3LN3BXKGC0V8O6OIBA1KAACI0BIWGD","351SEKWQS0HCTUI7VKZRJB2GZWCMD6","5","0.65"
"108","2017-08-08 11:11:39","2017-08-08 11:14:54","0","51a597b98bbfe981","100","194","1","2017-08-08 11:14:54","R_CkK7df3716M2BfH","","","","",43.3,-73.59,"anonymous","EN","7","5","2","6","2","6","5","2","2","5","6","6","2","2","3","2","5","2","2","5","2","5","3","1","6","2","6","2","0","35","4","No comments","891a54b756c25345","3LN3BXKGC0V8O6OIBA1KAACI0BIWGD","3IQ1VMJRYTKZO3W1M14KOOOQEU8A9T","5","0.65"
"109","2017-08-08 11:18:55","2017-08-08 11:20:22","0","e20963abe61e85f6","100","87","1","2017-08-08 11:20:23","R_XHtWqwKaFZJbqfL","","","","",30.63,-88.28,"anonymous","EN","3","5","6","3","5","6","3","5","5","4","1","4","2","1","2","3","7","7","6","5","2","4","2","4","6","2","4","5","1","29","2","","d45a83e12fabd6a4","3LN3BXKGC0V8O6OIBA1KAACI0BIWGD","3PQ8K71NHXKDTM66E7IKKJZAKCQAA8","5","0.65"
"110","2017-08-08 11:18:28","2017-08-08 11:21:04","0","324afca79e10b35b","100","156","1","2017-08-08 11:21:05","R_1IzMkvO8g95Wpf2","","","","",33.78,-118.14,"anonymous","EN","3","2","4","3","3","4","3","4","5","6","4","5","5","6","2","4","5","4","3","4","3","4","3","4","5","3","6","4","1","30","4","","27d6eb5c5ad6a9a5","3LN3BXKGC0V8O6OIBA1KAACI0BIWGD","3WJ1OXY92AGZAYDRH9Y6OSTFUOQA84","5","0.65"
"111","2017-08-08 11:17:36","2017-08-08 11:21:33","0","d5f981b2a04c4581","100","237","1","2017-08-08 11:21:34","R_2VHGcGRJ4TeZ9zO","","","","",41.38,-75.65,"anonymous","EN","6","4","4","5","4","4","5","2","4","5","5","4","4","3","2","3","4","4","4","4","4","4","3","4","5","4","4","3","1","33","3","not a scientist and i dont study either disease. ","88545fa7304d954b","3LN3BXKGC0V8O6OIBA1KAACI0BIWGD","354P56DE9K3ZAGU2O4SRVSRQ5AR7SA","5","0.65"
"112","2017-08-08 11:20:34","2017-08-08 11:23:09","0","ded32f3d3e094468","100","155","1","2017-08-08 11:23:09","R_XgDXntU8RSU91eN","","","","",42.32,-71.08,"anonymous","EN","5","5","2","6","2","5","6","2","3","5","5","4","2","2","3","5","3","4","6","4","2","5","3","2","7","4","6","1","1","30","4","","ed5650d6497b489d","3LN3BXKGC0V8O6OIBA1KAACI0BIWGD","3P529IW9KYLPLWEIMET27YQCB42FL8","5","0.65"
"113","2017-08-08 11:19:46","2017-08-08 11:23:26","0","5359da5782993787","100","219","1","2017-08-08 11:23:27","R_3O9aOCXEbBcaRqQ","","","","",41.23,-73.13,"anonymous","EN","5","5","2","6","2","2","6","2","2","5","5","3","2","2","2","2","2","2","2","2","2","6","3","3","4","6","2","2","1","32","4","","54bc4ee71ba09b0f","3LN3BXKGC0V8O6OIBA1KAACI0BIWGD","3NJM2BJS4W689596N4W8G9ETJ1BCPS","5","0.65"
"114","2017-08-08 11:23:44","2017-08-08 11:25:52","0","89460a6a22bdca3d","100","128","1","2017-08-08 11:25:53","R_UFKHeF4ct6uMmxr","","","","",43.04,-83.52,"anonymous","EN","5","4","2","7","2","3","6","1","2","5","5","3","4","3","2","2","3","2","5","5","3","4","3","1","7","1","7","1","0","27","6","Thanks!","55c06d4a12b1c391","3LN3BXKGC0V8O6OIBA1KAACI0BIWGD","3Z7EFSHGN9EDIEBX9V6PAM0WL0KCXG","5","0.65"
"115","2017-08-08 11:13:04","2017-08-08 11:26:03","0","faa2e66d6b013142","100","778","1","2017-08-08 11:26:03","R_3MGAkKBuIDo9elc","","","","",34.17,-118.37,"anonymous","EN","7","7","1","7","1","6","7","1","1","7","6","1","1","1","1","2","6","2","1","6","1","6","3","6","5","6","5","2","0","42","4","","cfeab6e9b660d30e","3LN3BXKGC0V8O6OIBA1KAACI0BIWGD","3QY5DC2MXRKS4M1CVSL3YLMVOVVUFH","5","0.65"
"116","2017-08-08 11:20:03","2017-08-08 11:26:37","0","6efe72a14110771f","100","393","1","2017-08-08 11:26:37","R_22WSvYF2maepg9u","","","","",36.13,-95.87,"anonymous","EN","5","5","2","5","2","6","5","5","2","6","5","2","4","2","2","3","5","5","2","2","2","2","3","2","6","6","6","1","0","28","4","","b1005c6a1e536b23","3LN3BXKGC0V8O6OIBA1KAACI0BIWGD","3F0BG9B9MPNW626BNAKGDEFRMVN7YO","5","0.65"
"117","2017-08-08 11:23:43","2017-08-08 11:27:49","0","c019a0660cde5854","100","246","1","2017-08-08 11:27:49","R_T5Auob53Oybkdyh","","","","",32.62,-97.09,"anonymous","EN","7","2","3","5","1","6","7","1","2","6","6","2","2","2","1","1","1","1","1","2","1","5","3","1","7","1","7","1","1","32","2","Nothing to add everything was smooth :)","8b1ef49f6c95615a","3LN3BXKGC0V8O6OIBA1KAACI0BIWGD","3M1CVSFP6055G2DN33F6AJEFOUCAQF","5","0.65"
"118","2017-08-08 11:24:22","2017-08-08 11:30:03","0","158381425c8b24c6","100","340","1","2017-08-08 11:30:03","R_1kTwlFGWYNfvgNE","","","","",40.34,-79.55,"anonymous","EN","6","6","1","6","1","6","7","4","6","5","6","2","7","1","5","6","4","1","4","7","1","7","3","6","7","1","5","1","0","24","2","None","861528ab0979a9ec","3LN3BXKGC0V8O6OIBA1KAACI0BIWGD","3SNVL38CI4S7YECQACR0KSSUPR5CKR","5","0.65"
"119","2017-08-08 11:26:55","2017-08-08 11:30:25","0","9bc77f575cf9ef5b","100","209","1","2017-08-08 11:30:25","R_3R2tHeB0dRz7udh","","","","",36.35,-81.47,"anonymous","EN","7","7","1","7","1","7","7","1","1","7","7","1","1","1","1","1","7","1","1","7","1","7","3","1","7","1","7","1","1","27","3","Anti-vaxxers should be jailed.","0f93aa3224aeca7c","3LN3BXKGC0V8O6OIBA1KAACI0BIWGD","39N5ACM9HEN6B723BKMHEJDLDG8P9O","5","0.65"
"120","2017-08-08 11:30:28","2017-08-08 11:32:03","0","158381425c8b24c6","100","95","1","2017-08-08 11:32:04","R_3KVdk6KZ09FBKAf","","","","",40.34,-79.55,"anonymous","EN","7","6","1","6","1","6","7","1","1","5","5","1","1","1","1","1","7","1","1","7","1","5","3","1","7","1","7","1","1","31","4","no","a893aed5588fe818","3LN3BXKGC0V8O6OIBA1KAACI0BIWGD","338JKRMM26ZS39EKKDSC15MEX7GHAQ","5","0.65"
"121","2017-08-08 11:28:57","2017-08-08 11:33:58","0","a892e2f6de81a91a","100","300","1","2017-08-08 11:33:58","R_3gOA1vm3B2GopDO","","","","",27.44,-80.33,"anonymous","EN","5","6","3","5","6","6","5","6","5","6","5","6","2","2","5","6","5","7","5","5","5","5","3","5","6","6","7","2","1","63","3","","d5019b26af39c6da","3LN3BXKGC0V8O6OIBA1KAACI0BIWGD","3GNCZX450INKGQC83Q0HAEO5JYQAPO","5","0.65"
"122","2017-08-08 11:34:42","2017-08-08 11:44:22","0","bdf37fbe40ba9d4f","100","579","1","2017-08-08 11:44:22","R_1OJQ9zKmEMPH0QG","","","","",39.73,-104.97,"anonymous","EN","4","4","3","5","4","2","3","4","6","3","4","5","4","2","3","4","3","3","3","3","4","3","3","3","4","4","4","4","1","29","4","","b17f2ffe63f8e0ea","3LN3BXKGC0V8O6OIBA1KAACI0BIWGD","33M4IA01QG1HOG0GRSWKZHZIL1PRX3","5","0.65"
"123","2017-08-08 11:39:51","2017-08-08 11:44:32","0","ab991beeffca1c07","100","281","1","2017-08-08 11:44:33","R_vpYSRLys0s70A7v","","","","",30.25,-98.91,"anonymous","EN","6","5","3","6","2","6","6","2","3","6","6","3","3","3","2","2","6","2","3","5","3","5","3","1","6","4","6","1","1","32","6","No.","0aa144ae44bcd92b","3LN3BXKGC0V8O6OIBA1KAACI0BIWGD","33OOO72IVHL61X2D4L5SLJFQ84WCTX","5","0.65"
"124","2017-08-08 12:21:35","2017-08-08 12:27:47","0","d00a0d7cef0b8474","100","371","1","2017-08-08 12:27:47","R_2cdRMvR3aRVOxwU","","","","",26.62,-81.84,"anonymous","EN","4","5","5","6","4","5","5","3","4","5","5","3","4","3","3","4","4","3","4","4","3","5","5","4","5","4","5","4","0","31","4","","9aacf883cc8ccd74","3LN3BXKGC0V8O6OIBA1KAACI0BIWGD","3SPJ0334213PQX7DOJ9DG4K0DQPYJO","5","0.65"
